{"assets":{"14A4E4C58709F9EFB30BE93BF1FA9320":{"type":"texture","index":0,"assetRequest":{"type":"slide","state":"contents","slide":"none"},"url":{"native":"assets\/F15A1A02-8A74-4D0F-BEA2-993EEF49503B.pdf"},"width":1920,"height":1080},"645B470A19BA3826479616BB247D3F31":{"type":"texture","index":1,"assetRequest":{"type":"slide","state":"contents","slide":"none"},"url":{"native":"assets\/F15A1A02-8A74-4D0F-BEA2-993EEF49503B.pdf"},"width":1920,"height":1080}},"events":[{"effects":[{"beginTime":0,"baseLayer":{"animations":[],"initialState":{"affineTransform":[1,0,0,1,0,0],"masksToBounds":false,"rotation":0,"scale":1,"position":{"pointX":960,"pointY":540},"width":1920,"sublayerTransform":[1,0,0,0,0,1,0,0,0,0,1,0,0,0,0,1],"contentsRect":{"y":0,"x":0,"width":1,"height":1},"opacity":1,"edgeAntialiasingMask":251658240,"height":1080,"hidden":false,"anchorPoint":{"pointX":0.5,"pointY":0.5}},"objectID":"0","layers":[{"animations":[],"initialState":{"affineTransform":[1,0,0,1,0,0],"masksToBounds":false,"rotation":0,"scale":1,"position":{"pointX":960,"pointY":540},"width":1920,"sublayerTransform":[1,0,0,0,0,1,0,0,0,0,1,-0.00035007912466775983,0,0,0,1],"contentsRect":{"y":0,"x":0,"width":1,"height":1},"opacity":1,"edgeAntialiasingMask":251658240,"height":1080,"hidden":false,"anchorPoint":{"pointX":0.5,"pointY":0.5}},"layers":[{"animations":[],"layers":[],"texturedRectangle":{"isBackgroundTexture":false,"singleTextureOpacity":1,"textureType":0,"textBaseline":0,"textXHeight":0,"isVerticalText":false},"initialState":{"affineTransform":[1,0,0,1,0,0],"masksToBounds":false,"rotation":0,"scale":1,"position":{"pointX":960,"pointY":540},"width":1920,"sublayerTransform":[1,0,0,0,0,1,0,0,0,0,1,0,0,0,0,1],"contentsRect":{"y":0,"x":0,"width":1,"height":1},"opacity":1,"edgeAntialiasingMask":0,"height":1080,"hidden":false,"anchorPoint":{"pointX":0.5,"pointY":0.5}},"texture":"645B470A19BA3826479616BB247D3F31"},{"animations":[{"additive":false,"timeOffset":0,"beginTime":0,"from":{"scalar":false},"repeatCount":0,"fillMode":"both","duration":0.01,"autoreverses":false,"property":"hidden","to":{"scalar":true},"removedOnCompletion":false}],"layers":[],"texturedRectangle":{"isBackgroundTexture":false,"singleTextureOpacity":1,"textureType":0,"textBaseline":0,"textXHeight":0,"isVerticalText":false},"initialState":{"affineTransform":[1,0,0,1,0,0],"masksToBounds":false,"rotation":0,"scale":1,"position":{"pointX":960,"pointY":540},"width":1920,"sublayerTransform":[1,0,0,0,0,1,0,0,0,0,1,0,0,0,0,1],"contentsRect":{"y":0,"x":0,"width":1,"height":1},"opacity":1,"edgeAntialiasingMask":0,"height":1080,"hidden":false,"anchorPoint":{"pointX":0.5,"pointY":0.5}},"texture":"14A4E4C58709F9EFB30BE93BF1FA9320"}]}]},"effects":[],"duration":0.01,"type":"transition","attributes":{"direction":0},"name":"none","objectID":"0"}],"automaticPlay":false,"hyperlinks":[],"accessibility":[{"text":"Screen Shot 2023-01-10 at 2.03.56 PM.png","targetRectangle":{"y":668.52296781628274,"x":1388.36412837752,"width":412.17266845703102,"height":208.85881042480469}},{"text":"Screen Shot 2023-01-10 at 2.05.05 PM.png","targetRectangle":{"y":259.00000000815686,"x":648.57147215922453,"width":624.11071777343739,"height":55.613822937011719}},{"text":"Screen Shot 2023-01-10 at 2.02.08 PM.png","targetRectangle":{"y":968.89769446860009,"x":98.900470825062911,"width":303,"height":36.426231384277344}},{"text":"Screen Shot 2023-01-10 at 2.54.32 PM.png","targetRectangle":{"y":713.01531623692631,"x":95.148087211099806,"width":320.34375,"height":223.22410583496094}},{"text":"Screen Shot 2023-01-10 at 2.02.41 PM.png","targetRectangle":{"y":387.41720698991014,"x":582.26571635816458,"width":755.46856689453102,"height":457.4173583984375}},{"text":"Screen Shot 2023-01-10 at 2.57.44 PM.png","targetRectangle":{"y":259,"x":47.246170605218168,"width":458.8663330078125,"height":503.52487182617188}},{"text":"hypothesis Testing","targetRectangle":{"y":97,"x":613.66800000000001,"width":692.66399999999987,"height":118}},{"text":"Screen Shot 2023-01-10 at 2.03.40 PM.png","targetRectangle":{"y":435.57059478336123,"x":1378.475480683175,"width":381.70745849609375,"height":208.85881042480469}},{"text":"Screen Shot 2023-01-10 at 2.03.16 PM.png","targetRectangle":{"y":869.47250428477037,"x":928.8847376239039,"width":497.51608276367188,"height":140.53213500976562}},{"text":"Screen Shot 2023-01-10 at 2.03.30 PM.png","targetRectangle":{"y":259.00000010515328,"x":1381.1598204162515,"width":540.4493408203125,"height":134.72956848144531}},{"text":"Screen Shot 2023-01-10 at 2.03.01 PM.png","targetRectangle":{"y":854.06595678066969,"x":601.0501441531361,"width":320.34109497070312,"height":171.34523010253906}}],"baseLayer":{"animations":[],"initialState":{"affineTransform":[1,0,0,1,0,0],"masksToBounds":false,"rotation":0,"scale":1,"position":{"pointX":960,"pointY":540},"width":1920,"sublayerTransform":[1,0,0,0,0,1,0,0,0,0,1,0,0,0,0,1],"contentsRect":{"y":0,"x":0,"width":1,"height":1},"opacity":1,"edgeAntialiasingMask":251658240,"height":1080,"hidden":false,"anchorPoint":{"pointX":0.5,"pointY":0.5}},"objectID":"0","layers":[{"animations":[],"initialState":{"affineTransform":[1,0,0,1,0,0],"masksToBounds":false,"rotation":0,"scale":1,"position":{"pointX":960,"pointY":540},"width":1920,"sublayerTransform":[1,0,0,0,0,1,0,0,0,0,1,-0.00035007912466775983,0,0,0,1],"contentsRect":{"y":0,"x":0,"width":1,"height":1},"opacity":1,"edgeAntialiasingMask":251658240,"height":1080,"hidden":false,"anchorPoint":{"pointX":0.5,"pointY":0.5}},"layers":[{"animations":[],"layers":[],"texturedRectangle":{"isBackgroundTexture":false,"singleTextureOpacity":1,"textureType":0,"textBaseline":0,"textXHeight":0,"isVerticalText":false},"initialState":{"affineTransform":[1,0,0,1,0,0],"masksToBounds":false,"rotation":0,"scale":1,"position":{"pointX":960,"pointY":540},"width":1920,"sublayerTransform":[1,0,0,0,0,1,0,0,0,0,1,0,0,0,0,1],"contentsRect":{"y":0,"x":0,"width":1,"height":1},"opacity":1,"edgeAntialiasingMask":0,"height":1080,"hidden":false,"anchorPoint":{"pointX":0.5,"pointY":0.5}},"texture":"14A4E4C58709F9EFB30BE93BF1FA9320"}]}]}}]}