{"autoplayTransitionDelay":5,"author":"","timestamp":"2023-53-10 18:1:9","loopSlideshow":0,"filename":"sales analysis","autoplayBuildDelay":2,"comment":"","title":"sales analysis","showMode":0,"creator":"Apple Keynote 12.2.1","slideList":["476BD2A8-4588-422E-99FF-5829DDDDD34E","1691067F-C828-44BF-96EC-642AF9C7043F","7625DC4A-256C-4CF1-90AC-046DDFD34EDB","14ACD469-24DA-431A-9168-CD3CC9035D78","3882F8F9-B576-4D0F-8FDB-6571CF19F18F","3BF8F007-1B9C-4B8E-AB72-3DD632E933C7","8839E77B-051C-473A-A869-13B6351B3285","B1C295BC-8702-403B-A13D-2AD6715D0D9A","F15A1A02-8A74-4D0F-BEA2-993EEF49503B","9C2E40B6-A96E-4659-AC27-75120CF23C34","84661F12-64D4-4AA6-99F0-9FC04354B70F"],"soundtrack":{"mode":0,"volume":1},"slideWidth":1920,"slideHeight":1080,"slideCount":11,"majorVersion":1,"minorVersion":2,"fonts":["HelveticaNeue","ArialNarrow","Helvetica","Palatino-Bold","Optima-Regular","Palatino-Italic","Palatino-Roman","BodoniSvtyTwoITCTT-Book"]}